[{"model": "auth.permission", "pk": 1, "fields": {"name": "Can add log entry", "content_type": 1, "codename": "add_logentry"}}, {"model": "auth.permission", "pk": 2, "fields": {"name": "Can change log entry", "content_type": 1, "codename": "change_logentry"}}, {"model": "auth.permission", "pk": 3, "fields": {"name": "Can delete log entry", "content_type": 1, "codename": "delete_logentry"}}, {"model": "auth.permission", "pk": 4, "fields": {"name": "Can view log entry", "content_type": 1, "codename": "view_logentry"}}, {"model": "auth.permission", "pk": 5, "fields": {"name": "Can add permission", "content_type": 2, "codename": "add_permission"}}, {"model": "auth.permission", "pk": 6, "fields": {"name": "Can change permission", "content_type": 2, "codename": "change_permission"}}, {"model": "auth.permission", "pk": 7, "fields": {"name": "Can delete permission", "content_type": 2, "codename": "delete_permission"}}, {"model": "auth.permission", "pk": 8, "fields": {"name": "Can view permission", "content_type": 2, "codename": "view_permission"}}, {"model": "auth.permission", "pk": 9, "fields": {"name": "Can add group", "content_type": 3, "codename": "add_group"}}, {"model": "auth.permission", "pk": 10, "fields": {"name": "Can change group", "content_type": 3, "codename": "change_group"}}, {"model": "auth.permission", "pk": 11, "fields": {"name": "Can delete group", "content_type": 3, "codename": "delete_group"}}, {"model": "auth.permission", "pk": 12, "fields": {"name": "Can view group", "content_type": 3, "codename": "view_group"}}, {"model": "auth.permission", "pk": 13, "fields": {"name": "Can add user", "content_type": 4, "codename": "add_user"}}, {"model": "auth.permission", "pk": 14, "fields": {"name": "Can change user", "content_type": 4, "codename": "change_user"}}, {"model": "auth.permission", "pk": 15, "fields": {"name": "Can delete user", "content_type": 4, "codename": "delete_user"}}, {"model": "auth.permission", "pk": 16, "fields": {"name": "Can view user", "content_type": 4, "codename": "view_user"}}, {"model": "auth.permission", "pk": 17, "fields": {"name": "Can add content type", "content_type": 5, "codename": "add_contenttype"}}, {"model": "auth.permission", "pk": 18, "fields": {"name": "Can change content type", "content_type": 5, "codename": "change_contenttype"}}, {"model": "auth.permission", "pk": 19, "fields": {"name": "Can delete content type", "content_type": 5, "codename": "delete_contenttype"}}, {"model": "auth.permission", "pk": 20, "fields": {"name": "Can view content type", "content_type": 5, "codename": "view_contenttype"}}, {"model": "auth.permission", "pk": 21, "fields": {"name": "Can add session", "content_type": 6, "codename": "add_session"}}, {"model": "auth.permission", "pk": 22, "fields": {"name": "Can change session", "content_type": 6, "codename": "change_session"}}, {"model": "auth.permission", "pk": 23, "fields": {"name": "Can delete session", "content_type": 6, "codename": "delete_session"}}, {"model": "auth.permission", "pk": 24, "fields": {"name": "Can view session", "content_type": 6, "codename": "view_session"}}, {"model": "auth.permission", "pk": 25, "fields": {"name": "Can add events story", "content_type": 7, "codename": "add_eventsstory"}}, {"model": "auth.permission", "pk": 26, "fields": {"name": "Can change events story", "content_type": 7, "codename": "change_eventsstory"}}, {"model": "auth.permission", "pk": 27, "fields": {"name": "Can delete events story", "content_type": 7, "codename": "delete_eventsstory"}}, {"model": "auth.permission", "pk": 28, "fields": {"name": "Can view events story", "content_type": 7, "codename": "view_eventsstory"}}, {"model": "auth.permission", "pk": 29, "fields": {"name": "Can add details", "content_type": 8, "codename": "add_details"}}, {"model": "auth.permission", "pk": 30, "fields": {"name": "Can change details", "content_type": 8, "codename": "change_details"}}, {"model": "auth.permission", "pk": 31, "fields": {"name": "Can delete details", "content_type": 8, "codename": "delete_details"}}, {"model": "auth.permission", "pk": 32, "fields": {"name": "Can view details", "content_type": 8, "codename": "view_details"}}, {"model": "auth.permission", "pk": 33, "fields": {"name": "Can add action", "content_type": 9, "codename": "add_action"}}, {"model": "auth.permission", "pk": 34, "fields": {"name": "Can change action", "content_type": 9, "codename": "change_action"}}, {"model": "auth.permission", "pk": 35, "fields": {"name": "Can delete action", "content_type": 9, "codename": "delete_action"}}, {"model": "auth.permission", "pk": 36, "fields": {"name": "Can view action", "content_type": 9, "codename": "view_action"}}, {"model": "auth.permission", "pk": 37, "fields": {"name": "Can add comment", "content_type": 10, "codename": "add_comment"}}, {"model": "auth.permission", "pk": 38, "fields": {"name": "Can change comment", "content_type": 10, "codename": "change_comment"}}, {"model": "auth.permission", "pk": 39, "fields": {"name": "Can delete comment", "content_type": 10, "codename": "delete_comment"}}, {"model": "auth.permission", "pk": 40, "fields": {"name": "Can view comment", "content_type": 10, "codename": "view_comment"}}, {"model": "auth.user", "pk": 5, "fields": {"password": "pbkdf2_sha256$260000$vwGl05VyIJOy1aDqzRaBYI$pa5p3KqII33zkf/EwS8PhkONYBKekyt6KL7CRBVNXLA=", "last_login": null, "is_superuser": false, "username": "test1", "first_name": "Uma", "last_name": "", "email": "test1@gmail.com", "is_staff": false, "is_active": true, "date_joined": "2021-11-25T03:41:10.212Z", "groups": [], "user_permissions": []}}, {"model": "auth.user", "pk": 6, "fields": {"password": "1234", "last_login": null, "is_superuser": false, "username": "test2", "first_name": "Uma", "last_name": "", "email": "test2@gmail.com", "is_staff": false, "is_active": true, "date_joined": "2021-11-25T03:46:00.848Z", "groups": [], "user_permissions": []}}, {"model": "auth.user", "pk": 7, "fields": {"password": "1234", "last_login": null, "is_superuser": false, "username": "test3", "first_name": "Uma", "last_name": "Uma", "email": "test3@gmail.com", "is_staff": false, "is_active": true, "date_joined": "2021-11-25T03:53:29.997Z", "groups": [], "user_permissions": []}}, {"model": "auth.user", "pk": 8, "fields": {"password": "1234", "last_login": null, "is_superuser": false, "username": "test4", "first_name": "Uma", "last_name": "Uma", "email": "test4@gmail.com", "is_staff": false, "is_active": true, "date_joined": "2021-11-25T06:58:30.465Z", "groups": [], "user_permissions": []}}, {"model": "auth.user", "pk": 10, "fields": {"password": "1234", "last_login": null, "is_superuser": false, "username": "test5", "first_name": "Uma", "last_name": "hg", "email": "test5@gmail.com", "is_staff": false, "is_active": true, "date_joined": "2021-11-25T07:00:59.913Z", "groups": [], "user_permissions": []}}, {"model": "auth.user", "pk": 11, "fields": {"password": "1234", "last_login": null, "is_superuser": false, "username": "admin", "first_name": "Uma", "last_name": "hg", "email": "admin@gmail.com", "is_staff": false, "is_active": true, "date_joined": "2021-11-30T22:59:19.208Z", "groups": [], "user_permissions": []}}, {"model": "auth.user", "pk": 12, "fields": {"password": "1234", "last_login": null, "is_superuser": false, "username": "test6", "first_name": "Uma", "last_name": "hg", "email": "test6@gmail.com", "is_staff": false, "is_active": true, "date_joined": "2021-12-01T01:26:56.025Z", "groups": [], "user_permissions": []}}, {"model": "auth.user", "pk": 13, "fields": {"password": "1234", "last_login": null, "is_superuser": false, "username": "1", "first_name": "Uma", "last_name": "aaaaa", "email": "1@gmail.com", "is_staff": false, "is_active": true, "date_joined": "2021-12-01T01:28:15.460Z", "groups": [], "user_permissions": []}}, {"model": "auth.user", "pk": 14, "fields": {"password": "1234", "last_login": null, "is_superuser": false, "username": "2", "first_name": "Uma", "last_name": "aaaaa", "email": "2@gm.com", "is_staff": false, "is_active": true, "date_joined": "2021-12-01T01:30:23.192Z", "groups": [], "user_permissions": []}}, {"model": "auth.user", "pk": 16, "fields": {"password": "1234", "last_login": null, "is_superuser": false, "username": "test10", "first_name": "Uma", "last_name": "Rah", "email": "et@gmail.com", "is_staff": false, "is_active": true, "date_joined": "2021-12-01T01:30:49.790Z", "groups": [], "user_permissions": []}}, {"model": "auth.user", "pk": 18, "fields": {"password": "1234", "last_login": null, "is_superuser": false, "username": "test11", "first_name": "Uma", "last_name": "Rah", "email": "et11@gmail.com", "is_staff": false, "is_active": true, "date_joined": "2021-12-01T01:31:31.976Z", "groups": [], "user_permissions": []}}, {"model": "auth.user", "pk": 19, "fields": {"password": "pbkdf2_sha256$260000$9ytmqTIU5PqTf4tbZXQAKT$UOBTTyOJyH6J30hmUcNXP+4Yhkjy81ojifLM3LwyxfM=", "last_login": null, "is_superuser": false, "username": "th", "first_name": "th", "last_name": "th", "email": "th@gmail.com", "is_staff": false, "is_active": true, "date_joined": "2021-12-01T01:34:17.703Z", "groups": [], "user_permissions": []}}, {"model": "auth.user", "pk": 20, "fields": {"password": "pbkdf2_sha256$260000$j4nFgbTt96ZcewlyLObkM1$/SLGjixjRpI2CyRdYioeL91y3RGU34y60lbzq9r1o0Q=", "last_login": null, "is_superuser": false, "username": "gh", "first_name": "gh", "last_name": "ra", "email": "gh@gmai.com", "is_staff": false, "is_active": true, "date_joined": "2021-12-01T01:34:47.167Z", "groups": [], "user_permissions": []}}, {"model": "auth.user", "pk": 21, "fields": {"password": "pbkdf2_sha256$260000$yIpkaxqfSJ3Wp77PZtbbkK$7oxuh/clvK0VS6LkT4CN5yiyTjtTq3g7Fq4m9Vn0Mj8=", "last_login": null, "is_superuser": false, "username": "hh", "first_name": "hh", "last_name": "gh", "email": "hh@gmail.com", "is_staff": false, "is_active": true, "date_joined": "2021-12-01T01:35:06.938Z", "groups": [], "user_permissions": []}}, {"model": "auth.user", "pk": 22, "fields": {"password": "pbkdf2_sha256$260000$DOB1WO1KOlvURZCopnTbw1$cRBto1qxIRnpdURvgooMdLQr41xgv6nRDf673U7GvT0=", "last_login": null, "is_superuser": false, "username": "mn", "first_name": "mn", "last_name": "mn", "email": "mn@mn.com", "is_staff": false, "is_active": true, "date_joined": "2021-12-01T01:35:53.280Z", "groups": [], "user_permissions": []}}, {"model": "auth.user", "pk": 24, "fields": {"password": "pbkdf2_sha256$260000$dIwbpzCGXConudxeWCMGpS$/RQmhVvaeukpUHgH3FgS/sU3x9aNoqqZF2geTbSIOcw=", "last_login": null, "is_superuser": false, "username": "jh", "first_name": "jh", "last_name": "jh", "email": "jh@jh.com", "is_staff": false, "is_active": true, "date_joined": "2021-12-01T01:36:21.915Z", "groups": [], "user_permissions": []}}, {"model": "auth.user", "pk": 25, "fields": {"password": "pbkdf2_sha256$260000$vwGl05VyIJOy1aDqzRaBYI$pa5p3KqII33zkf/EwS8PhkONYBKekyt6KL7CRBVNXLA=", "last_login": null, "is_superuser": false, "username": "lacy", "first_name": "lacy", "last_name": "", "email": "lacy@gmail.com", "is_staff": false, "is_active": true, "date_joined": "2021-12-01T02:30:36.752Z", "groups": [], "user_permissions": []}}, {"model": "auth.user", "pk": 26, "fields": {"password": "pbkdf2_sha256$260000$hMCv6JW0pQNoZTGUJVkQJR$9PIUF/ShHg9oiWwgsuZQwbzzh+fr7JF0CaJh0TawRv0=", "last_login": null, "is_superuser": false, "username": "rana", "first_name": "rana", "last_name": "rahimi", "email": "rana@gmail.com", "is_staff": false, "is_active": true, "date_joined": "2021-12-02T19:47:53.938Z", "groups": [], "user_permissions": []}}, {"model": "auth.user", "pk": 28, "fields": {"password": "pbkdf2_sha256$260000$N59AIoMMnbQIsqVhi1LIOw$QZxxR/CFBRCPOwy5v3b5lNOfUFo3grkN6LFasGrfekI=", "last_login": null, "is_superuser": false, "username": "raha", "first_name": "raha", "last_name": "rahimi", "email": "raha@gmail.com", "is_staff": false, "is_active": true, "date_joined": "2021-12-02T19:52:48.926Z", "groups": [], "user_permissions": []}}, {"model": "contenttypes.contenttype", "pk": 1, "fields": {"app_label": "admin", "model": "logentry"}}, {"model": "contenttypes.contenttype", "pk": 2, "fields": {"app_label": "auth", "model": "permission"}}, {"model": "contenttypes.contenttype", "pk": 3, "fields": {"app_label": "auth", "model": "group"}}, {"model": "contenttypes.contenttype", "pk": 4, "fields": {"app_label": "auth", "model": "user"}}, {"model": "contenttypes.contenttype", "pk": 5, "fields": {"app_label": "contenttypes", "model": "contenttype"}}, {"model": "contenttypes.contenttype", "pk": 6, "fields": {"app_label": "sessions", "model": "session"}}, {"model": "contenttypes.contenttype", "pk": 7, "fields": {"app_label": "events", "model": "eventsstory"}}, {"model": "contenttypes.contenttype", "pk": 8, "fields": {"app_label": "users", "model": "details"}}, {"model": "contenttypes.contenttype", "pk": 9, "fields": {"app_label": "actions", "model": "action"}}, {"model": "contenttypes.contenttype", "pk": 10, "fields": {"app_label": "events", "model": "comment"}}, {"model": "events.eventsstory", "pk": 56, "fields": {"title": "gh", "date_month": "gh", "date_day": "", "date_weekday": "gh", "time": "", "score": 0, "author": "jh", "user": 24, "date_posted": "2021-12-01T01:38:07.808Z", "registered": 0, "description": "gh", "performers": "gh", "role": "", "location": ""}}, {"model": "events.eventsstory", "pk": 57, "fields": {"title": "Distinguished Speaker Series: A Poetry Reading", "date_month": "OCT", "date_day": "", "date_weekday": "OCT", "time": "4:30 - 7 PM", "score": 0, "author": "jh", "user": 24, "date_posted": "2021-12-01T01:39:53.995Z", "registered": 0, "description": "ISVT is proud to present the Distinguished Speaker Series: Dr. Mehrzad Boroujerdi on Prospects of US-Iran Relations, a live talk, and Q&A. The event will be held on Monday, Nov 16th at 7 pm via Zoom. Please submit your questions for Dr. Boroujerdi through the registration form attached below no later than Monday at 12 pm. Dr. Boroujerdi: Named Director of the School of Public and International Affairs at Virginia Tech, Dr. Mehrzaf Boroujerdi is an expert on Iran and Middle Eastern politics. He has authored more than 30 journal articles in English and Persian. He is the author of notable books such as Postrevolutionary Iran: A Political Handbook, Iranian Intellectuals, and the West: The Tormented Triumph of Nativism, and I Carved, Worshipped and Shattered: Essays on Iranian Politics and Identity. Dr. Boroujerdi has appeared on many national and international networks such as Al Jazeera, Associated Press, Guardian, LA Times, NPR, New York Times, Reuters, and Washington Post and is a regular commentator on many Persian broadcasting networks.", "performers": "Dr. Mehrzad Boroujerdi", "role": "Director of the School of Public and International Affairs at Virginia Tech", "location": "Online"}}, {"model": "events.eventsstory", "pk": 68, "fields": {"title": "fafgagd", "date_month": "gadget", "date_day": "", "date_weekday": "gadget", "time": "", "score": 0, "author": "admin", "user": 11, "date_posted": "2021-12-01T07:31:38.164Z", "registered": 0, "description": "gdgadgad", "performers": "gadfgagf", "role": "", "location": ""}}, {"model": "events.comment", "pk": 1, "fields": {"title": "hello", "comment": "hello", "author": "admin", "user": 11, "date_posted": "2021-12-01T07:34:26.598Z"}}, {"model": "events.comment", "pk": 2, "fields": {"title": "helllp", "comment": "hello", "author": "admin", "user": 11, "date_posted": "2021-12-01T07:35:35.401Z"}}, {"model": "events.comment", "pk": 3, "fields": {"title": "hello", "comment": "hello", "author": "admin", "user": 11, "date_posted": "2021-12-01T07:36:30.804Z"}}, {"model": "events.comment", "pk": 4, "fields": {"title": "hello", "comment": "hello", "author": "admin", "user": 11, "date_posted": "2021-12-01T07:36:59.664Z"}}, {"model": "events.comment", "pk": 5, "fields": {"title": "", "comment": "", "author": "admin", "user": 11, "date_posted": "2021-12-01T17:02:14.856Z"}}, {"model": "events.comment", "pk": 6, "fields": {"title": "hello", "comment": "hello", "author": "admin", "user": 11, "date_posted": "2021-12-01T17:08:12.169Z"}}, {"model": "events.comment", "pk": 7, "fields": {"title": "Hi", "comment": "Hi everyone", "author": "admin", "user": 11, "date_posted": "2021-12-01T17:08:24.111Z"}}, {"model": "events.comment", "pk": 8, "fields": {"title": "hello", "comment": "hello", "author": "admin", "user": 11, "date_posted": "2021-12-01T17:10:52.917Z"}}, {"model": "events.comment", "pk": 9, "fields": {"title": "hello", "comment": "hello", "author": "admin", "user": 11, "date_posted": "2021-12-01T17:11:03.349Z"}}, {"model": "users.details", "pk": 1, "fields": {"user": 5, "role": "regular"}}, {"model": "users.details", "pk": 2, "fields": {"user": 6, "role": "regular"}}, {"model": "users.details", "pk": 3, "fields": {"user": 7, "role": "regular"}}, {"model": "users.details", "pk": 5, "fields": {"user": 10, "role": "regular"}}, {"model": "users.details", "pk": 6, "fields": {"user": 11, "role": "admin"}}, {"model": "users.details", "pk": 7, "fields": {"user": 12, "role": "regular"}}, {"model": "users.details", "pk": 8, "fields": {"user": 13, "role": "regular"}}, {"model": "users.details", "pk": 9, "fields": {"user": 14, "role": "regular"}}, {"model": "users.details", "pk": 10, "fields": {"user": 16, "role": "regular"}}, {"model": "users.details", "pk": 11, "fields": {"user": 18, "role": "regular"}}, {"model": "users.details", "pk": 12, "fields": {"user": 19, "role": "regular"}}, {"model": "users.details", "pk": 13, "fields": {"user": 20, "role": "regular"}}, {"model": "users.details", "pk": 14, "fields": {"user": 21, "role": "regular"}}, {"model": "users.details", "pk": 15, "fields": {"user": 22, "role": "regular"}}, {"model": "users.details", "pk": 16, "fields": {"user": 24, "role": "regular"}}, {"model": "users.details", "pk": 17, "fields": {"user": 25, "role": "regular"}}, {"model": "users.details", "pk": 18, "fields": {"user": 26, "role": "regular"}}, {"model": "users.details", "pk": 19, "fields": {"user": 28, "role": "regular"}}, {"model": "actions.action", "pk": 1, "fields": {"user": 10, "verb": "created the new story", "target_ct": 7, "target_id": 52, "created": "2021-11-25T08:21:16.317Z"}}, {"model": "actions.action", "pk": 2, "fields": {"user": 10, "verb": "created the new story", "target_ct": 7, "target_id": 53, "created": "2021-11-30T21:28:00.419Z"}}, {"model": "actions.action", "pk": 3, "fields": {"user": 11, "verb": "created the new story", "target_ct": 7, "target_id": 54, "created": "2021-11-30T23:01:49.606Z"}}, {"model": "actions.action", "pk": 4, "fields": {"user": 11, "verb": "edited the new story", "target_ct": 7, "target_id": 49, "created": "2021-11-30T23:06:11.751Z"}}, {"model": "actions.action", "pk": 5, "fields": {"user": 11, "verb": "edited an existing story", "target_ct": 7, "target_id": 50, "created": "2021-11-30T23:06:42.978Z"}}, {"model": "actions.action", "pk": 6, "fields": {"user": 11, "verb": "deleted a story", "target_ct": 7, "target_id": null, "created": "2021-11-30T23:08:45.566Z"}}, {"model": "actions.action", "pk": 7, "fields": {"user": 11, "verb": "deleted a story", "target_ct": 7, "target_id": null, "created": "2021-11-30T23:08:58.691Z"}}, {"model": "actions.action", "pk": 8, "fields": {"user": 11, "verb": "deleted a story", "target_ct": null, "target_id": null, "created": "2021-11-30T23:10:32.895Z"}}, {"model": "actions.action", "pk": 9, "fields": {"user": 11, "verb": "deleted a story", "target_ct": null, "target_id": null, "created": "2021-11-30T23:11:55.824Z"}}, {"model": "actions.action", "pk": 10, "fields": {"user": 11, "verb": "created the new story", "target_ct": 7, "target_id": 55, "created": "2021-12-01T01:18:17.697Z"}}, {"model": "actions.action", "pk": 11, "fields": {"user": 11, "verb": "deleted a story", "target_ct": 7, "target_id": null, "created": "2021-12-01T01:18:26.151Z"}}, {"model": "actions.action", "pk": 12, "fields": {"user": 11, "verb": "deleted a story", "target_ct": 7, "target_id": null, "created": "2021-12-01T01:19:01.025Z"}}, {"model": "actions.action", "pk": 13, "fields": {"user": 12, "verb": "created the new account", "target_ct": 4, "target_id": 12, "created": "2021-12-01T01:26:56.235Z"}}, {"model": "actions.action", "pk": 14, "fields": {"user": 13, "verb": "created the new account", "target_ct": null, "target_id": null, "created": "2021-12-01T01:28:15.682Z"}}, {"model": "actions.action", "pk": 17, "fields": {"user": 18, "verb": "A new user joined the ISVT", "target_ct": 4, "target_id": 18, "created": "2021-12-01T01:31:32.162Z"}}, {"model": "actions.action", "pk": 18, "fields": {"user": 24, "verb": "joined the ISVT", "target_ct": 4, "target_id": 24, "created": "2021-12-01T01:36:22.106Z"}}, {"model": "actions.action", "pk": 19, "fields": {"user": 24, "verb": "created the new story", "target_ct": 7, "target_id": 56, "created": "2021-12-01T01:38:07.812Z"}}, {"model": "actions.action", "pk": 20, "fields": {"user": 24, "verb": "created the new story", "target_ct": 7, "target_id": 57, "created": "2021-12-01T01:39:54.000Z"}}, {"model": "actions.action", "pk": 21, "fields": {"user": 24, "verb": "created the new story", "target_ct": 7, "target_id": 58, "created": "2021-12-01T01:45:59.927Z"}}, {"model": "actions.action", "pk": 22, "fields": {"user": 25, "verb": "joined the ISVT", "target_ct": 4, "target_id": 25, "created": "2021-12-01T02:30:37.084Z"}}, {"model": "actions.action", "pk": 36, "fields": {"user": 11, "verb": "created the new story", "target_ct": 7, "target_id": 68, "created": "2021-12-01T07:31:38.170Z"}}, {"model": "actions.action", "pk": 37, "fields": {"user": 11, "verb": "posted a new comment", "target_ct": 10, "target_id": 1, "created": "2021-12-01T07:34:26.603Z"}}, {"model": "actions.action", "pk": 38, "fields": {"user": 11, "verb": "posted a new comment", "target_ct": 10, "target_id": 2, "created": "2021-12-01T07:35:35.406Z"}}, {"model": "actions.action", "pk": 39, "fields": {"user": 11, "verb": "posted a new comment", "target_ct": 10, "target_id": 3, "created": "2021-12-01T07:36:30.807Z"}}, {"model": "actions.action", "pk": 40, "fields": {"user": 11, "verb": "posted a new comment", "target_ct": 10, "target_id": 4, "created": "2021-12-01T07:36:59.667Z"}}, {"model": "actions.action", "pk": 41, "fields": {"user": 11, "verb": "posted a new comment", "target_ct": 10, "target_id": 5, "created": "2021-12-01T17:02:14.860Z"}}, {"model": "actions.action", "pk": 42, "fields": {"user": 11, "verb": "posted a new comment", "target_ct": 10, "target_id": 6, "created": "2021-12-01T17:08:12.173Z"}}, {"model": "actions.action", "pk": 43, "fields": {"user": 11, "verb": "posted a new comment", "target_ct": 10, "target_id": 7, "created": "2021-12-01T17:08:24.116Z"}}, {"model": "actions.action", "pk": 44, "fields": {"user": 11, "verb": "posted a new comment", "target_ct": 10, "target_id": 8, "created": "2021-12-01T17:10:52.921Z"}}, {"model": "actions.action", "pk": 45, "fields": {"user": 11, "verb": "posted a new comment", "target_ct": 10, "target_id": 9, "created": "2021-12-01T17:11:03.353Z"}}, {"model": "actions.action", "pk": 46, "fields": {"user": 26, "verb": "joined the ISVT", "target_ct": 4, "target_id": 26, "created": "2021-12-02T19:47:54.275Z"}}, {"model": "actions.action", "pk": 47, "fields": {"user": 28, "verb": "joined the ISVT", "target_ct": 4, "target_id": 28, "created": "2021-12-02T19:52:49.135Z"}}]